<?xml version="1.0" encoding="UTF-8"?>
<!DOCTYPE module PUBLIC "-//Puppy Crawl//DTD Check Configuration 1.2//EN" "http://www.puppycrawl.com/dtds/configuration_1_2.dtd">
<module name="Checker">
<property name="severity" value="warning"/>
<module name="TreeWalker">
<module name="FileContentsHolder">
</module>
<module name="JavadocMethod">
<property name="severity" value="ignore"/>
</module>
<module name="JavadocType">
<property name="severity" value="ignore"/>
</module>
<module name="JavadocVariable">
<property name="severity" value="ignore"/>
</module>
<module name="JavadocStyle">
</module>
<module name="ConstantName">
</module>
<module name="LocalFinalVariableName">
</module>
<module name="LocalVariableName">
</module>
<module name="MemberName">
</module>
<module name="MethodName">
</module>
<module name="PackageName">
</module>
<module name="ParameterName">
</module>
<module name="StaticVariableName">
</module>
<module name="TypeName">
</module>
<module name="AvoidStarImport">
</module>
<module name="IllegalImport">
</module>
<module name="RedundantImport">
</module>
<module name="UnusedImports">
</module>
<module name="FileLength">
</module>
<module name="LineLength">
</module>
<module name="MethodLength">
</module>
<module name="ParameterNumber">
</module>
<module name="EmptyForIteratorPad">
</module>
<module name="MethodParamPad">
</module>
<module name="NoWhitespaceAfter">
<property name="severity" value="ignore"/>
</module>
<module name="NoWhitespaceBefore">
</module>
<module name="OperatorWrap">
</module>
<module name="ParenPad">
</module>
<module name="TypecastParenPad">
</module>
<module name="TabCharacter">
</module>
<module name="WhitespaceAfter">
<property name="severity" value="ignore"/>
</module>
<module name="WhitespaceAround">
<property name="tokens" value="ASSIGN,BAND,BAND_ASSIGN,BOR,BOR_ASSIGN,BSR,BSR_ASSIGN,BXOR,BXOR_ASSIGN,COLON,DIV,DIV_ASSIGN,EQUAL,GE,GT,LAND,LCURLY,LE,LITERAL_ASSERT,LITERAL_CATCH,LITERAL_DO,LITERAL_ELSE,LITERAL_FINALLY,LITERAL_FOR,LITERAL_IF,LITERAL_RETURN,LITERAL_SYNCHRONIZED,LITERAL_TRY,LITERAL_WHILE,LOR,MINUS,MINUS_ASSIGN,MOD,MOD_ASSIGN,NOT_EQUAL,PLUS,PLUS_ASSIGN,QUESTION,RCURLY,SL,SLIST,SL_ASSIGN,SR,SR_ASSIGN,STAR,STAR_ASSIGN,LITERAL_ASSERT,TYPE_EXTENSION_AND,WILDCARD_TYPE"/>
</module>
<module name="ModifierOrder">
</module>
<module name="RedundantModifier">
</module>
<module name="AvoidNestedBlocks">
</module>
<module name="EmptyBlock">
</module>
<module name="LeftCurly">
</module>
<module name="NeedBraces">
</module>
<module name="RightCurly">
</module>
<module name="AvoidInlineConditionals">
</module>
<module name="DoubleCheckedLocking">
</module>
<module name="EmptyStatement">
</module>
<module name="EqualsHashCode">
</module>
<module name="HiddenField">
</module>
<module name="IllegalInstantiation">
</module>
<module name="InnerAssignment">
</module>
<module name="MagicNumber">
<property name="severity" value="ignore"/>
</module>
<module name="MissingSwitchDefault">
</module>
<module name="RedundantThrows">
</module>
<module name="SimplifyBooleanExpression">
</module>
<module name="SimplifyBooleanReturn">
</module>
<module name="DesignForExtension">
<property name="severity" value="ignore"/>
</module>
<module name="FinalClass">
<property name="severity" value="ignore"/>
</module>
<module name="HideUtilityClassConstructor">
<property name="severity" value="ignore"/>
</module>
<module name="InterfaceIsType">
</module>
<module name="VisibilityModifier">
</module>
<module name="ArrayTypeStyle">
</module>
<module name="FinalParameters">
<property name="severity" value="ignore"/>
</module>
<module name="GenericIllegalRegexp">
<metadata name="com.atlassw.tools.eclipse.checkstyle.comment" value="Trailing line spaces"/>
<property name="severity" value="ignore"/>
<property name="format" value="\s+$"/>
<property name="message" value="Line has trailing spaces."/>
</module>
<module name="TodoComment">
<property name="severity" value="ignore"/>
</module>
<module name="UpperEll">
</module>
</module>
<module name="PackageHtml">
<property name="severity" value="ignore"/>
</module>
<module name="NewlineAtEndOfFile">
</module>
<module name="Translation">
</module>
</module>
